{"id":"ca6e95f9-ea9d-11e8-814d-a2b109fe473a","name":"Loan Guidance","key":"loanGuidance","description":null,"editorJson":{"id":"6b31c7b4-e4e8-11e8-a3e6-b2fc5f906785","modelVersion":"3","name":"Loan Guidance","key":"loanGuidance","description":"","hitIndicator":"FIRST","inputExpressions":[{"id":"1","variableId":"birthDate","variableType":null,"type":"date","label":"Birth Date","entries":[],"newVariable":false,"complexExpression":false}],"outputExpressions":[{"id":"2","variableId":"guidance","variableType":null,"type":"string","label":"Guidande","entries":["Gen X or older","Gen Y or younger"],"newVariable":false,"complexExpression":false}],"rules":[{"2":"Gen X or older","1_operator":"<","1_expression":"1980-01-01"},{"2":"Gen Y or younger","1_operator":">=","1_expression":"1980-01-01"}]}}