{"id":"ca6ac568-ea9d-11e8-814d-a2b109fe473a","name":"Review Loan","key":"reviewLoan","description":"","editorJson":{"name":"Review Loan","key":"reviewLoan","version":0,"fields":[{"fieldType":"FormField","id":"name","name":"Name","type":"text","value":null,"required":false,"readOnly":true,"overrideId":false,"placeholder":null,"layout":null},{"fieldType":"FormField","id":"birthDate","name":"Birth date","type":"date","value":null,"required":false,"readOnly":true,"overrideId":true,"placeholder":null,"layout":null},{"fieldType":"FormField","id":"amount","name":"Loan Amount","type":"integer","value":null,"required":false,"readOnly":true,"overrideId":true,"placeholder":null,"params":{"mask":""},"layout":null},{"fieldType":"FormField","id":"guidance","name":"Guidance","type":"text","value":null,"required":false,"readOnly":true,"overrideId":false,"placeholder":null,"layout":null},{"fieldType":"FormField","id":"blacklisted","name":"Blacklisted","type":"boolean","value":null,"required":false,"readOnly":true,"overrideId":false,"placeholder":null,"layout":null},{"fieldType":"FormField","id":"comments","name":"Comments","type":"multi-line-text","value":null,"required":false,"readOnly":false,"overrideId":false,"placeholder":null,"layout":null}],"outcomes":[{"id":null,"name":"Accept"},{"id":null,"name":"Reject"}]}}